R,G,B,Lat,Lon
0,0,0,/Users/Keith/Downloads/Colours,of
0,0,0,/Users/Keith/Downloads/Colours,of
0,0,0,/Users/Keith/Downloads/Colours,of
0,0,0,/Users/Keith/Downloads/Colours,of
0,0,0,/Users/Keith/Downloads/Colours,of
0,0,0,/Users/Keith/Downloads/Colours,of
0,0,0,/Users/Keith/Downloads/Colours,of
0,0,0,/Users/Keith/Downloads/Colours,of
0,0,0,/Users/Keith/Downloads/Colours,of
0,0,0,/Users/Keith/Downloads/Colours,of
0,0,0,/Users/Keith/Downloads/Colours,of
0,0,0,/Users/Keith/Downloads/Colours,of
0,0,0,/Users/Keith/Downloads/Colours,of
0,0,0,/Users/Keith/Downloads/Colours,of
0,0,0,/Users/Keith/Downloads/Colours,of
0,0,0,/Users/Keith/Downloads/Colours,of
0,0,0,/Users/Keith/Downloads/Colours,of
0,0,0,/Users/Keith/Downloads/Colours,of
0,0,0,/Users/Keith/Downloads/Colours,of
0,0,0,/Users/Keith/Downloads/Colours,of
0,0,0,/Users/Keith/Downloads/Colours,of
0,0,0,/Users/Keith/Downloads/Colours,of
0,0,0,/Users/Keith/Downloads/Colours,of
0,0,0,/Users/Keith/Downloads/Colours,of
0,0,0,/Users/Keith/Downloads/Colours,of
126.31945846153846,135.71499076923078,135.75857846153846,/Users/Keith/Downloads/Colours,of,Singapore,master/GooglePhotos/1.203839294,103.7156668
0,0,0,/Users/Keith/Downloads/Colours,of
0,0,0,/Users/Keith/Downloads/Colours,of
0,0,0,/Users/Keith/Downloads/Colours,of
0,0,0,/Users/Keith/Downloads/Colours,of
0,0,0,/Users/Keith/Downloads/Colours,of
0,0,0,/Users/Keith/Downloads/Colours,of
0,0,0,/Users/Keith/Downloads/Colours,of
126.31945846153846,135.71499076923078,135.75857846153846,/Users/Keith/Downloads/Colours,of,Singapore,master/GooglePhotos/1.207880748,103.7226668
0,0,0,/Users/Keith/Downloads/Colours,of
0,0,0,/Users/Keith/Downloads/Colours,of
0,0,0,/Users/Keith/Downloads/Colours,of
0,0,0,/Users/Keith/Downloads/Colours,of
0,0,0,/Users/Keith/Downloads/Colours,of
0,0,0,/Users/Keith/Downloads/Colours,of
126.31945846153846,135.71499076923078,135.75857846153846,/Users/Keith/Downloads/Colours,of,Singapore,master/GooglePhotos/1.211922202,103.7156668
0,0,0,/Users/Keith/Downloads/Colours,of
0,0,0,/Users/Keith/Downloads/Colours,of
0,0,0,/Users/Keith/Downloads/Colours,of
0,0,0,/Users/Keith/Downloads/Colours,of
0,0,0,/Users/Keith/Downloads/Colours,of
0,0,0,/Users/Keith/Downloads/Colours,of
0,0,0,/Users/Keith/Downloads/Colours,of
0,0,0,/Users/Keith/Downloads/Colours,of
0,0,0,/Users/Keith/Downloads/Colours,of
0,0,0,/Users/Keith/Downloads/Colours,of
0,0,0,/Users/Keith/Downloads/Colours,of
0,0,0,/Users/Keith/Downloads/Colours,of
0,0,0,/Users/Keith/Downloads/Colours,of
0,0,0,/Users/Keith/Downloads/Colours,of
0,0,0,/Users/Keith/Downloads/Colours,of
0,0,0,/Users/Keith/Downloads/Colours,of
0,0,0,/Users/Keith/Downloads/Colours,of
0,0,0,/Users/Keith/Downloads/Colours,of
0,0,0,/Users/Keith/Downloads/Colours,of
0,0,0,/Users/Keith/Downloads/Colours,of
0,0,0,/Users/Keith/Downloads/Colours,of
0,0,0,/Users/Keith/Downloads/Colours,of
0,0,0,/Users/Keith/Downloads/Colours,of
0,0,0,/Users/Keith/Downloads/Colours,of
0,0,0,/Users/Keith/Downloads/Colours,of
0,0,0,/Users/Keith/Downloads/Colours,of
0,0,0,/Users/Keith/Downloads/Colours,of
0,0,0,/Users/Keith/Downloads/Colours,of
0,0,0,/Users/Keith/Downloads/Colours,of
0,0,0,/Users/Keith/Downloads/Colours,of
0,0,0,/Users/Keith/Downloads/Colours,of
0,0,0,/Users/Keith/Downloads/Colours,of
0,0,0,/Users/Keith/Downloads/Colours,of
0,0,0,/Users/Keith/Downloads/Colours,of
0,0,0,/Users/Keith/Downloads/Colours,of
0,0,0,/Users/Keith/Downloads/Colours,of
0,0,0,/Users/Keith/Downloads/Colours,of
0,0,0,/Users/Keith/Downloads/Colours,of
0,0,0,/Users/Keith/Downloads/Colours,of
0,0,0,/Users/Keith/Downloads/Colours,of
0,0,0,/Users/Keith/Downloads/Colours,of
0,0,0,/Users/Keith/Downloads/Colours,of
0,0,0,/Users/Keith/Downloads/Colours,of
0,0,0,/Users/Keith/Downloads/Colours,of
0,0,0,/Users/Keith/Downloads/Colours,of
0,0,0,/Users/Keith/Downloads/Colours,of
0,0,0,/Users/Keith/Downloads/Colours,of
0,0,0,/Users/Keith/Downloads/Colours,of
0,0,0,/Users/Keith/Downloads/Colours,of
0,0,0,/Users/Keith/Downloads/Colours,of
0,0,0,/Users/Keith/Downloads/Colours,of
0,0,0,/Users/Keith/Downloads/Colours,of
0,0,0,/Users/Keith/Downloads/Colours,of
0,0,0,/Users/Keith/Downloads/Colours,of
0,0,0,/Users/Keith/Downloads/Colours,of
0,0,0,/Users/Keith/Downloads/Colours,of
0,0,0,/Users/Keith/Downloads/Colours,of
0,0,0,/Users/Keith/Downloads/Colours,of
0,0,0,/Users/Keith/Downloads/Colours,of
0,0,0,/Users/Keith/Downloads/Colours,of
0,0,0,/Users/Keith/Downloads/Colours,of
0,0,0,/Users/Keith/Downloads/Colours,of
0,0,0,/Users/Keith/Downloads/Colours,of
0,0,0,/Users/Keith/Downloads/Colours,of
0,0,0,/Users/Keith/Downloads/Colours,of
0,0,0,/Users/Keith/Downloads/Colours,of
0,0,0,/Users/Keith/Downloads/Colours,of
0,0,0,/Users/Keith/Downloads/Colours,of
0,0,0,/Users/Keith/Downloads/Colours,of
0,0,0,/Users/Keith/Downloads/Colours,of
125.19231162543504,132.4179956199712,136.13991439240144,/Users/Keith/Downloads/Colours,of,Singapore,master/GooglePhotos/1.244253832,103.6736667
0,0,0,/Users/Keith/Downloads/Colours,of
0,0,0,/Users/Keith/Downloads/Colours,of
0,0,0,/Users/Keith/Downloads/Colours,of
0,0,0,/Users/Keith/Downloads/Colours,of
0,0,0,/Users/Keith/Downloads/Colours,of
0,0,0,/Users/Keith/Downloads/Colours,of
125.19231162543504,132.4179956199712,136.13991439240144,/Users/Keith/Downloads/Colours,of,Singapore,master/GooglePhotos/1.248295286,103.6806667
0,0,0,/Users/Keith/Downloads/Colours,of
0,0,0,/Users/Keith/Downloads/Colours,of
0,0,0,/Users/Keith/Downloads/Colours,of
0,0,0,/Users/Keith/Downloads/Colours,of
0,0,0,/Users/Keith/Downloads/Colours,of
0,0,0,/Users/Keith/Downloads/Colours,of
0,0,0,/Users/Keith/Downloads/Colours,of
125.19231162543504,132.4179956199712,136.13991439240144,/Users/Keith/Downloads/Colours,of,Singapore,master/GooglePhotos/1.25233674,103.6736667
0,0,0,/Users/Keith/Downloads/Colours,of
0,0,0,/Users/Keith/Downloads/Colours,of
0,0,0,/Users/Keith/Downloads/Colours,of
0,0,0,/Users/Keith/Downloads/Colours,of
0,0,0,/Users/Keith/Downloads/Colours,of
0,0,0,/Users/Keith/Downloads/Colours,of
0,0,0,/Users/Keith/Downloads/Colours,of
0,0,0,/Users/Keith/Downloads/Colours,of
0,0,0,/Users/Keith/Downloads/Colours,of
0,0,0,/Users/Keith/Downloads/Colours,of
0,0,0,/Users/Keith/Downloads/Colours,of
0,0,0,/Users/Keith/Downloads/Colours,of
0,0,0,/Users/Keith/Downloads/Colours,of
0,0,0,/Users/Keith/Downloads/Colours,of
0,0,0,/Users/Keith/Downloads/Colours,of
0,0,0,/Users/Keith/Downloads/Colours,of
0,0,0,/Users/Keith/Downloads/Colours,of
0,0,0,/Users/Keith/Downloads/Colours,of
0,0,0,/Users/Keith/Downloads/Colours,of
0,0,0,/Users/Keith/Downloads/Colours,of
0,0,0,/Users/Keith/Downloads/Colours,of
0,0,0,/Users/Keith/Downloads/Colours,of
0,0,0,/Users/Keith/Downloads/Colours,of
0,0,0,/Users/Keith/Downloads/Colours,of
0,0,0,/Users/Keith/Downloads/Colours,of
0,0,0,/Users/Keith/Downloads/Colours,of
0,0,0,/Users/Keith/Downloads/Colours,of
0,0,0,/Users/Keith/Downloads/Colours,of
0,0,0,/Users/Keith/Downloads/Colours,of
0,0,0,/Users/Keith/Downloads/Colours,of
0,0,0,/Users/Keith/Downloads/Colours,of
0,0,0,/Users/Keith/Downloads/Colours,of
0,0,0,/Users/Keith/Downloads/Colours,of
0,0,0,/Users/Keith/Downloads/Colours,of
0,0,0,/Users/Keith/Downloads/Colours,of
0,0,0,/Users/Keith/Downloads/Colours,of
0,0,0,/Users/Keith/Downloads/Colours,of
0,0,0,/Users/Keith/Downloads/Colours,of
0,0,0,/Users/Keith/Downloads/Colours,of
0,0,0,/Users/Keith/Downloads/Colours,of
0,0,0,/Users/Keith/Downloads/Colours,of
0,0,0,/Users/Keith/Downloads/Colours,of
0,0,0,/Users/Keith/Downloads/Colours,of
0,0,0,/Users/Keith/Downloads/Colours,of
0,0,0,/Users/Keith/Downloads/Colours,of
0,0,0,/Users/Keith/Downloads/Colours,of
0,0,0,/Users/Keith/Downloads/Colours,of
0,0,0,/Users/Keith/Downloads/Colours,of
0,0,0,/Users/Keith/Downloads/Colours,of
0,0,0,/Users/Keith/Downloads/Colours,of
0,0,0,/Users/Keith/Downloads/Colours,of
0,0,0,/Users/Keith/Downloads/Colours,of
0,0,0,/Users/Keith/Downloads/Colours,of
0,0,0,/Users/Keith/Downloads/Colours,of
0,0,0,/Users/Keith/Downloads/Colours,of
0,0,0,/Users/Keith/Downloads/Colours,of
0,0,0,/Users/Keith/Downloads/Colours,of
0,0,0,/Users/Keith/Downloads/Colours,of
0,0,0,/Users/Keith/Downloads/Colours,of
0,0,0,/Users/Keith/Downloads/Colours,of
0,0,0,/Users/Keith/Downloads/Colours,of
0,0,0,/Users/Keith/Downloads/Colours,of
0,0,0,/Users/Keith/Downloads/Colours,of
0,0,0,/Users/Keith/Downloads/Colours,of
0,0,0,/Users/Keith/Downloads/Colours,of
0,0,0,/Users/Keith/Downloads/Colours,of
0,0,0,/Users/Keith/Downloads/Colours,of
0,0,0,/Users/Keith/Downloads/Colours,of
0,0,0,/Users/Keith/Downloads/Colours,of
117.73126880379593,118.18332981637009,117.84465243179122,/Users/Keith/Downloads/Colours,of,Singapore,master/GooglePhotos/1.272544009,103.6806667
0,0,0,/Users/Keith/Downloads/Colours,of
0,0,0,/Users/Keith/Downloads/Colours,of
0,0,0,/Users/Keith/Downloads/Colours,of
0,0,0,/Users/Keith/Downloads/Colours,of
0,0,0,/Users/Keith/Downloads/Colours,of
0,0,0,/Users/Keith/Downloads/Colours,of
0,0,0,/Users/Keith/Downloads/Colours,of
0,0,0,/Users/Keith/Downloads/Colours,of
0,0,0,/Users/Keith/Downloads/Colours,of
0,0,0,/Users/Keith/Downloads/Colours,of
0,0,0,/Users/Keith/Downloads/Colours,of
0,0,0,/Users/Keith/Downloads/Colours,of
0,0,0,/Users/Keith/Downloads/Colours,of
0,0,0,/Users/Keith/Downloads/Colours,of
0,0,0,/Users/Keith/Downloads/Colours,of
117.73126880379593,118.18332981637009,117.84465243179122,/Users/Keith/Downloads/Colours,of,Singapore,master/GooglePhotos/1.276585462,103.6736667
0,0,0,/Users/Keith/Downloads/Colours,of
0,0,0,/Users/Keith/Downloads/Colours,of
0,0,0,/Users/Keith/Downloads/Colours,of
0,0,0,/Users/Keith/Downloads/Colours,of
0,0,0,/Users/Keith/Downloads/Colours,of
0,0,0,/Users/Keith/Downloads/Colours,of
0,0,0,/Users/Keith/Downloads/Colours,of
0,0,0,/Users/Keith/Downloads/Colours,of
0,0,0,/Users/Keith/Downloads/Colours,of
0,0,0,/Users/Keith/Downloads/Colours,of
0,0,0,/Users/Keith/Downloads/Colours,of
0,0,0,/Users/Keith/Downloads/Colours,of
0,0,0,/Users/Keith/Downloads/Colours,of
0,0,0,/Users/Keith/Downloads/Colours,of
0,0,0,/Users/Keith/Downloads/Colours,of
0,0,0,/Users/Keith/Downloads/Colours,of
0,0,0,/Users/Keith/Downloads/Colours,of
0,0,0,/Users/Keith/Downloads/Colours,of
117.73126880379593,118.18332981637009,117.84465243179122,/Users/Keith/Downloads/Colours,of,Singapore,master/GooglePhotos/1.280626916,103.6806667
0,0,0,/Users/Keith/Downloads/Colours,of
0,0,0,/Users/Keith/Downloads/Colours,of
0,0,0,/Users/Keith/Downloads/Colours,of
0,0,0,/Users/Keith/Downloads/Colours,of
0,0,0,/Users/Keith/Downloads/Colours,of
0,0,0,/Users/Keith/Downloads/Colours,of
0,0,0,/Users/Keith/Downloads/Colours,of
0,0,0,/Users/Keith/Downloads/Colours,of
0,0,0,/Users/Keith/Downloads/Colours,of
0,0,0,/Users/Keith/Downloads/Colours,of
0,0,0,/Users/Keith/Downloads/Colours,of
0,0,0,/Users/Keith/Downloads/Colours,of
0,0,0,/Users/Keith/Downloads/Colours,of
0,0,0,/Users/Keith/Downloads/Colours,of
0,0,0,/Users/Keith/Downloads/Colours,of
0,0,0,/Users/Keith/Downloads/Colours,of
0,0,0,/Users/Keith/Downloads/Colours,of
0,0,0,/Users/Keith/Downloads/Colours,of
0,0,0,/Users/Keith/Downloads/Colours,of
0,0,0,/Users/Keith/Downloads/Colours,of
0,0,0,/Users/Keith/Downloads/Colours,of
0,0,0,/Users/Keith/Downloads/Colours,of
0,0,0,/Users/Keith/Downloads/Colours,of
0,0,0,/Users/Keith/Downloads/Colours,of
0,0,0,/Users/Keith/Downloads/Colours,of
0,0,0,/Users/Keith/Downloads/Colours,of
0,0,0,/Users/Keith/Downloads/Colours,of
0,0,0,/Users/Keith/Downloads/Colours,of
0,0,0,/Users/Keith/Downloads/Colours,of
0,0,0,/Users/Keith/Downloads/Colours,of
0,0,0,/Users/Keith/Downloads/Colours,of
0,0,0,/Users/Keith/Downloads/Colours,of
121.90450573208398,126.36099667147691,127.11566873497232,/Users/Keith/Downloads/Colours,of,Singapore,master/GooglePhotos/1.288709824,103.6246667
0,0,0,/Users/Keith/Downloads/Colours,of
0,0,0,/Users/Keith/Downloads/Colours,of
0,0,0,/Users/Keith/Downloads/Colours,of
0,0,0,/Users/Keith/Downloads/Colours,of
0,0,0,/Users/Keith/Downloads/Colours,of
0,0,0,/Users/Keith/Downloads/Colours,of
0,0,0,/Users/Keith/Downloads/Colours,of
0,0,0,/Users/Keith/Downloads/Colours,of
0,0,0,/Users/Keith/Downloads/Colours,of
0,0,0,/Users/Keith/Downloads/Colours,of
0,0,0,/Users/Keith/Downloads/Colours,of
0,0,0,/Users/Keith/Downloads/Colours,of
0,0,0,/Users/Keith/Downloads/Colours,of
0,0,0,/Users/Keith/Downloads/Colours,of
0,0,0,/Users/Keith/Downloads/Colours,of
0,0,0,/Users/Keith/Downloads/Colours,of
0,0,0,/Users/Keith/Downloads/Colours,of
0,0,0,/Users/Keith/Downloads/Colours,of
0,0,0,/Users/Keith/Downloads/Colours,of
121.90450573208398,126.36099667147691,127.11566873497232,/Users/Keith/Downloads/Colours,of,Singapore,master/GooglePhotos/1.292751277,103.6316667
0,0,0,/Users/Keith/Downloads/Colours,of
0,0,0,/Users/Keith/Downloads/Colours,of
0,0,0,/Users/Keith/Downloads/Colours,of
0,0,0,/Users/Keith/Downloads/Colours,of
0,0,0,/Users/Keith/Downloads/Colours,of
0,0,0,/Users/Keith/Downloads/Colours,of
0,0,0,/Users/Keith/Downloads/Colours,of
0,0,0,/Users/Keith/Downloads/Colours,of
0,0,0,/Users/Keith/Downloads/Colours,of
0,0,0,/Users/Keith/Downloads/Colours,of
0,0,0,/Users/Keith/Downloads/Colours,of
0,0,0,/Users/Keith/Downloads/Colours,of
0,0,0,/Users/Keith/Downloads/Colours,of
0,0,0,/Users/Keith/Downloads/Colours,of
0,0,0,/Users/Keith/Downloads/Colours,of
0,0,0,/Users/Keith/Downloads/Colours,of
0,0,0,/Users/Keith/Downloads/Colours,of
121.90450573208398,126.36099667147691,127.11566873497232,/Users/Keith/Downloads/Colours,of,Singapore,master/GooglePhotos/1.296792731,103.6246667
0,0,0,/Users/Keith/Downloads/Colours,of
0,0,0,/Users/Keith/Downloads/Colours,of
0,0,0,/Users/Keith/Downloads/Colours,of
0,0,0,/Users/Keith/Downloads/Colours,of
0,0,0,/Users/Keith/Downloads/Colours,of
0,0,0,/Users/Keith/Downloads/Colours,of
0,0,0,/Users/Keith/Downloads/Colours,of
0,0,0,/Users/Keith/Downloads/Colours,of
0,0,0,/Users/Keith/Downloads/Colours,of
0,0,0,/Users/Keith/Downloads/Colours,of
0,0,0,/Users/Keith/Downloads/Colours,of
0,0,0,/Users/Keith/Downloads/Colours,of
0,0,0,/Users/Keith/Downloads/Colours,of
0,0,0,/Users/Keith/Downloads/Colours,of
0,0,0,/Users/Keith/Downloads/Colours,of
0,0,0,/Users/Keith/Downloads/Colours,of
0,0,0,/Users/Keith/Downloads/Colours,of
0,0,0,/Users/Keith/Downloads/Colours,of
0,0,0,/Users/Keith/Downloads/Colours,of
0,0,0,/Users/Keith/Downloads/Colours,of
0,0,0,/Users/Keith/Downloads/Colours,of
121.90450573208398,126.36099667147691,127.11566873497232,/Users/Keith/Downloads/Colours,of,Singapore,master/GooglePhotos/1.300834185,103.6316667
0,0,0,/Users/Keith/Downloads/Colours,of
0,0,0,/Users/Keith/Downloads/Colours,of
0,0,0,/Users/Keith/Downloads/Colours,of
0,0,0,/Users/Keith/Downloads/Colours,of
0,0,0,/Users/Keith/Downloads/Colours,of
0,0,0,/Users/Keith/Downloads/Colours,of
131.44881376037958,127.58779715302491,123.00146381969158,/Users/Keith/Downloads/Colours,of,Singapore,master/GooglePhotos/1.300834185,103.7296668
0,0,0,/Users/Keith/Downloads/Colours,of
0,0,0,/Users/Keith/Downloads/Colours,of
0,0,0,/Users/Keith/Downloads/Colours,of
0,0,0,/Users/Keith/Downloads/Colours,of
0,0,0,/Users/Keith/Downloads/Colours,of
0,0,0,/Users/Keith/Downloads/Colours,of
0,0,0,/Users/Keith/Downloads/Colours,of
0,0,0,/Users/Keith/Downloads/Colours,of
0,0,0,/Users/Keith/Downloads/Colours,of
0,0,0,/Users/Keith/Downloads/Colours,of
0,0,0,/Users/Keith/Downloads/Colours,of
0,0,0,/Users/Keith/Downloads/Colours,of
0,0,0,/Users/Keith/Downloads/Colours,of
0,0,0,/Users/Keith/Downloads/Colours,of
119.96363548480352,118.16900868620175,113.38331718476566,/Users/Keith/Downloads/Colours,of,Singapore,master/GooglePhotos/1.304875639,103.6246667
96.25614460735467,90.5125790633452,74.5923551886121,/Users/Keith/Downloads/Colours,of,Singapore,master/GooglePhotos/1.304875639,103.6386667
0,0,0,/Users/Keith/Downloads/Colours,of
0,0,0,/Users/Keith/Downloads/Colours,of
0,0,0,/Users/Keith/Downloads/Colours,of
0,0,0,/Users/Keith/Downloads/Colours,of
0,0,0,/Users/Keith/Downloads/Colours,of
110.91861907700576,118.81390820338828,118.14900645028736,/Users/Keith/Downloads/Colours,of,Singapore,master/GooglePhotos/1.304875639,103.7226668
0,0,0,/Users/Keith/Downloads/Colours,of
0,0,0,/Users/Keith/Downloads/Colours,of
0,0,0,/Users/Keith/Downloads/Colours,of
0,0,0,/Users/Keith/Downloads/Colours,of
0,0,0,/Users/Keith/Downloads/Colours,of
0,0,0,/Users/Keith/Downloads/Colours,of
0,0,0,/Users/Keith/Downloads/Colours,of
0,0,0,/Users/Keith/Downloads/Colours,of
0,0,0,/Users/Keith/Downloads/Colours,of
0,0,0,/Users/Keith/Downloads/Colours,of
0,0,0,/Users/Keith/Downloads/Colours,of
0,0,0,/Users/Keith/Downloads/Colours,of
0,0,0,/Users/Keith/Downloads/Colours,of
0,0,0,/Users/Keith/Downloads/Colours,of
0,0,0,/Users/Keith/Downloads/Colours,of
0,0,0,/Users/Keith/Downloads/Colours,of
0,0,0,/Users/Keith/Downloads/Colours,of
0,0,0,/Users/Keith/Downloads/Colours,of
0,0,0,/Users/Keith/Downloads/Colours,of
0,0,0,/Users/Keith/Downloads/Colours,of
0,0,0,/Users/Keith/Downloads/Colours,of
0,0,0,/Users/Keith/Downloads/Colours,of
0,0,0,/Users/Keith/Downloads/Colours,of
0,0,0,/Users/Keith/Downloads/Colours,of
0,0,0,/Users/Keith/Downloads/Colours,of
0,0,0,/Users/Keith/Downloads/Colours,of
0,0,0,/Users/Keith/Downloads/Colours,of
0,0,0,/Users/Keith/Downloads/Colours,of
0,0,0,/Users/Keith/Downloads/Colours,of
0,0,0,/Users/Keith/Downloads/Colours,of
0,0,0,/Users/Keith/Downloads/Colours,of
0,0,0,/Users/Keith/Downloads/Colours,of
0,0,0,/Users/Keith/Downloads/Colours,of
0,0,0,/Users/Keith/Downloads/Colours,of
0,0,0,/Users/Keith/Downloads/Colours,of
0,0,0,/Users/Keith/Downloads/Colours,of
0,0,0,/Users/Keith/Downloads/Colours,of
0,0,0,/Users/Keith/Downloads/Colours,of
0,0,0,/Users/Keith/Downloads/Colours,of
0,0,0,/Users/Keith/Downloads/Colours,of
0,0,0,/Users/Keith/Downloads/Colours,of
0,0,0,/Users/Keith/Downloads/Colours,of
0,0,0,/Users/Keith/Downloads/Colours,of
0,0,0,/Users/Keith/Downloads/Colours,of
0,0,0,/Users/Keith/Downloads/Colours,of
0,0,0,/Users/Keith/Downloads/Colours,of
116.07899119167789,115.33831740050566,104.63818691554164,/Users/Keith/Downloads/Colours,of,Singapore,master/GooglePhotos/1.312958546,103.6946668
109.00934221694725,116.87779763785706,111.71993115905067,/Users/Keith/Downloads/Colours,of,Singapore,master/GooglePhotos/1.312958546,103.7086668
0,0,0,/Users/Keith/Downloads/Colours,of
0,0,0,/Users/Keith/Downloads/Colours,of
0,0,0,/Users/Keith/Downloads/Colours,of
0,0,0,/Users/Keith/Downloads/Colours,of
0,0,0,/Users/Keith/Downloads/Colours,of
0,0,0,/Users/Keith/Downloads/Colours,of
0,0,0,/Users/Keith/Downloads/Colours,of
0,0,0,/Users/Keith/Downloads/Colours,of
0,0,0,/Users/Keith/Downloads/Colours,of
0,0,0,/Users/Keith/Downloads/Colours,of
0,0,0,/Users/Keith/Downloads/Colours,of
0,0,0,/Users/Keith/Downloads/Colours,of
0,0,0,/Users/Keith/Downloads/Colours,of
0,0,0,/Users/Keith/Downloads/Colours,of
0,0,0,/Users/Keith/Downloads/Colours,of
0,0,0,/Users/Keith/Downloads/Colours,of
0,0,0,/Users/Keith/Downloads/Colours,of
0,0,0,/Users/Keith/Downloads/Colours,of
0,0,0,/Users/Keith/Downloads/Colours,of
0,0,0,/Users/Keith/Downloads/Colours,of
0,0,0,/Users/Keith/Downloads/Colours,of
0,0,0,/Users/Keith/Downloads/Colours,of
0,0,0,/Users/Keith/Downloads/Colours,of
0,0,0,/Users/Keith/Downloads/Colours,of
0,0,0,/Users/Keith/Downloads/Colours,of
0,0,0,/Users/Keith/Downloads/Colours,of
118.78165266995782,125.49609461768846,121.48595334801715,/Users/Keith/Downloads/Colours,of,Singapore,master/GooglePhotos/1.317,103.6736667
0,0,0,/Users/Keith/Downloads/Colours,of
0,0,0,/Users/Keith/Downloads/Colours,of
0,0,0,/Users/Keith/Downloads/Colours,of
0,0,0,/Users/Keith/Downloads/Colours,of
0,0,0,/Users/Keith/Downloads/Colours,of
0,0,0,/Users/Keith/Downloads/Colours,of
0,0,0,/Users/Keith/Downloads/Colours,of
0,0,0,/Users/Keith/Downloads/Colours,of
0,0,0,/Users/Keith/Downloads/Colours,of
0,0,0,/Users/Keith/Downloads/Colours,of
0,0,0,/Users/Keith/Downloads/Colours,of
0,0,0,/Users/Keith/Downloads/Colours,of
0,0,0,/Users/Keith/Downloads/Colours,of
0,0,0,/Users/Keith/Downloads/Colours,of
0,0,0,/Users/Keith/Downloads/Colours,of
0,0,0,/Users/Keith/Downloads/Colours,of
0,0,0,/Users/Keith/Downloads/Colours,of
0,0,0,/Users/Keith/Downloads/Colours,of
0,0,0,/Users/Keith/Downloads/Colours,of
0,0,0,/Users/Keith/Downloads/Colours,of
0,0,0,/Users/Keith/Downloads/Colours,of
0,0,0,/Users/Keith/Downloads/Colours,of
0,0,0,/Users/Keith/Downloads/Colours,of
0,0,0,/Users/Keith/Downloads/Colours,of
0,0,0,/Users/Keith/Downloads/Colours,of
0,0,0,/Users/Keith/Downloads/Colours,of
0,0,0,/Users/Keith/Downloads/Colours,of
0,0,0,/Users/Keith/Downloads/Colours,of
0,0,0,/Users/Keith/Downloads/Colours,of
0,0,0,/Users/Keith/Downloads/Colours,of
118.78165266995782,125.49609461768846,121.48595334801715,/Users/Keith/Downloads/Colours,of,Singapore,master/GooglePhotos/1.321041454,103.6806667
0,0,0,/Users/Keith/Downloads/Colours,of
106.87786813244908,110.85529937271998,103.73584519150769,/Users/Keith/Downloads/Colours,of,Singapore,master/GooglePhotos/1.321041454,103.7086668
0,0,0,/Users/Keith/Downloads/Colours,of
0,0,0,/Users/Keith/Downloads/Colours,of
0,0,0,/Users/Keith/Downloads/Colours,of
0,0,0,/Users/Keith/Downloads/Colours,of
0,0,0,/Users/Keith/Downloads/Colours,of
0,0,0,/Users/Keith/Downloads/Colours,of
0,0,0,/Users/Keith/Downloads/Colours,of
0,0,0,/Users/Keith/Downloads/Colours,of
0,0,0,/Users/Keith/Downloads/Colours,of
0,0,0,/Users/Keith/Downloads/Colours,of
0,0,0,/Users/Keith/Downloads/Colours,of
0,0,0,/Users/Keith/Downloads/Colours,of
0,0,0,/Users/Keith/Downloads/Colours,of
0,0,0,/Users/Keith/Downloads/Colours,of
0,0,0,/Users/Keith/Downloads/Colours,of
0,0,0,/Users/Keith/Downloads/Colours,of
0,0,0,/Users/Keith/Downloads/Colours,of
0,0,0,/Users/Keith/Downloads/Colours,of
0,0,0,/Users/Keith/Downloads/Colours,of
0,0,0,/Users/Keith/Downloads/Colours,of
0,0,0,/Users/Keith/Downloads/Colours,of
0,0,0,/Users/Keith/Downloads/Colours,of
0,0,0,/Users/Keith/Downloads/Colours,of
0,0,0,/Users/Keith/Downloads/Colours,of
0,0,0,/Users/Keith/Downloads/Colours,of
0,0,0,/Users/Keith/Downloads/Colours,of
118.78165266995782,125.49609461768846,121.48595334801715,/Users/Keith/Downloads/Colours,of,Singapore,master/GooglePhotos/1.325082908,103.6736667
0,0,0,/Users/Keith/Downloads/Colours,of
0,0,0,/Users/Keith/Downloads/Colours,of
0,0,0,/Users/Keith/Downloads/Colours,of
0,0,0,/Users/Keith/Downloads/Colours,of
0,0,0,/Users/Keith/Downloads/Colours,of
0,0,0,/Users/Keith/Downloads/Colours,of
0,0,0,/Users/Keith/Downloads/Colours,of
0,0,0,/Users/Keith/Downloads/Colours,of
0,0,0,/Users/Keith/Downloads/Colours,of
0,0,0,/Users/Keith/Downloads/Colours,of
0,0,0,/Users/Keith/Downloads/Colours,of
0,0,0,/Users/Keith/Downloads/Colours,of
0,0,0,/Users/Keith/Downloads/Colours,of
0,0,0,/Users/Keith/Downloads/Colours,of
0,0,0,/Users/Keith/Downloads/Colours,of
0,0,0,/Users/Keith/Downloads/Colours,of
0,0,0,/Users/Keith/Downloads/Colours,of
0,0,0,/Users/Keith/Downloads/Colours,of
0,0,0,/Users/Keith/Downloads/Colours,of
0,0,0,/Users/Keith/Downloads/Colours,of
0,0,0,/Users/Keith/Downloads/Colours,of
0,0,0,/Users/Keith/Downloads/Colours,of
0,0,0,/Users/Keith/Downloads/Colours,of
0,0,0,/Users/Keith/Downloads/Colours,of
0,0,0,/Users/Keith/Downloads/Colours,of
0,0,0,/Users/Keith/Downloads/Colours,of
0,0,0,/Users/Keith/Downloads/Colours,of
0,0,0,/Users/Keith/Downloads/Colours,of
0,0,0,/Users/Keith/Downloads/Colours,of
0,0,0,/Users/Keith/Downloads/Colours,of
0,0,0,/Users/Keith/Downloads/Colours,of
0,0,0,/Users/Keith/Downloads/Colours,of
0,0,0,/Users/Keith/Downloads/Colours,of
0,0,0,/Users/Keith/Downloads/Colours,of
0,0,0,/Users/Keith/Downloads/Colours,of
0,0,0,/Users/Keith/Downloads/Colours,of
0,0,0,/Users/Keith/Downloads/Colours,of
0,0,0,/Users/Keith/Downloads/Colours,of
0,0,0,/Users/Keith/Downloads/Colours,of
0,0,0,/Users/Keith/Downloads/Colours,of
0,0,0,/Users/Keith/Downloads/Colours,of
0,0,0,/Users/Keith/Downloads/Colours,of
0,0,0,/Users/Keith/Downloads/Colours,of
0,0,0,/Users/Keith/Downloads/Colours,of
0,0,0,/Users/Keith/Downloads/Colours,of
0,0,0,/Users/Keith/Downloads/Colours,of
0,0,0,/Users/Keith/Downloads/Colours,of
0,0,0,/Users/Keith/Downloads/Colours,of
0,0,0,/Users/Keith/Downloads/Colours,of
0,0,0,/Users/Keith/Downloads/Colours,of
0,0,0,/Users/Keith/Downloads/Colours,of
0,0,0,/Users/Keith/Downloads/Colours,of
0,0,0,/Users/Keith/Downloads/Colours,of
0,0,0,/Users/Keith/Downloads/Colours,of
0,0,0,/Users/Keith/Downloads/Colours,of
0,0,0,/Users/Keith/Downloads/Colours,of
0,0,0,/Users/Keith/Downloads/Colours,of
0,0,0,/Users/Keith/Downloads/Colours,of
72.34471466666666,71.97516266666666,63.544741333333334,/Users/Keith/Downloads/Colours,of,Singapore,master/GooglePhotos/1.333165815,103.7016668
0,0,0,/Users/Keith/Downloads/Colours,of
120.63525097898017,123.84026949238287,105.93249304795008,/Users/Keith/Downloads/Colours,of,Singapore,master/GooglePhotos/1.333165815,103.7296668
0,0,0,/Users/Keith/Downloads/Colours,of
0,0,0,/Users/Keith/Downloads/Colours,of
0,0,0,/Users/Keith/Downloads/Colours,of
0,0,0,/Users/Keith/Downloads/Colours,of
0,0,0,/Users/Keith/Downloads/Colours,of
0,0,0,/Users/Keith/Downloads/Colours,of
0,0,0,/Users/Keith/Downloads/Colours,of
0,0,0,/Users/Keith/Downloads/Colours,of
0,0,0,/Users/Keith/Downloads/Colours,of
0,0,0,/Users/Keith/Downloads/Colours,of
0,0,0,/Users/Keith/Downloads/Colours,of
0,0,0,/Users/Keith/Downloads/Colours,of
0,0,0,/Users/Keith/Downloads/Colours,of
0,0,0,/Users/Keith/Downloads/Colours,of
0,0,0,/Users/Keith/Downloads/Colours,of
0,0,0,/Users/Keith/Downloads/Colours,of
0,0,0,/Users/Keith/Downloads/Colours,of
0,0,0,/Users/Keith/Downloads/Colours,of
0,0,0,/Users/Keith/Downloads/Colours,of
0,0,0,/Users/Keith/Downloads/Colours,of
0,0,0,/Users/Keith/Downloads/Colours,of
0,0,0,/Users/Keith/Downloads/Colours,of
0,0,0,/Users/Keith/Downloads/Colours,of
0,0,0,/Users/Keith/Downloads/Colours,of
0,0,0,/Users/Keith/Downloads/Colours,of
89.00300133333333,96.79374533333333,77.57166,/Users/Keith/Downloads/Colours,of,Singapore,master/GooglePhotos/1.337207269,103.6946668
108.77926424581247,113.73769848517527,105.1980486625218,/Users/Keith/Downloads/Colours,of,Singapore,master/GooglePhotos/1.337207269,103.7086668
96.23372053081663,102.76454862970314,89.62064774950991,/Users/Keith/Downloads/Colours,of,Singapore,master/GooglePhotos/1.337207269,103.7226668
0,0,0,/Users/Keith/Downloads/Colours,of
0,0,0,/Users/Keith/Downloads/Colours,of
0,0,0,/Users/Keith/Downloads/Colours,of
0,0,0,/Users/Keith/Downloads/Colours,of
0,0,0,/Users/Keith/Downloads/Colours,of
0,0,0,/Users/Keith/Downloads/Colours,of
0,0,0,/Users/Keith/Downloads/Colours,of
0,0,0,/Users/Keith/Downloads/Colours,of
0,0,0,/Users/Keith/Downloads/Colours,of
0,0,0,/Users/Keith/Downloads/Colours,of
0,0,0,/Users/Keith/Downloads/Colours,of
0,0,0,/Users/Keith/Downloads/Colours,of
0,0,0,/Users/Keith/Downloads/Colours,of
0,0,0,/Users/Keith/Downloads/Colours,of
0,0,0,/Users/Keith/Downloads/Colours,of
0,0,0,/Users/Keith/Downloads/Colours,of
0,0,0,/Users/Keith/Downloads/Colours,of
0,0,0,/Users/Keith/Downloads/Colours,of
0,0,0,/Users/Keith/Downloads/Colours,of
0,0,0,/Users/Keith/Downloads/Colours,of
0,0,0,/Users/Keith/Downloads/Colours,of
0,0,0,/Users/Keith/Downloads/Colours,of
0,0,0,/Users/Keith/Downloads/Colours,of
0,0,0,/Users/Keith/Downloads/Colours,of
0,0,0,/Users/Keith/Downloads/Colours,of
0,0,0,/Users/Keith/Downloads/Colours,of
104.7649143291436,109.4809710851503,96.06875946449274,/Users/Keith/Downloads/Colours,of,Singapore,master/GooglePhotos/1.341248723,103.6876668
116.06913167259786,128.4458149466192,142.4276512455516,/Users/Keith/Downloads/Colours,of,Singapore,master/GooglePhotos/1.341248723,103.7016668
0,0,0,/Users/Keith/Downloads/Colours,of
0,0,0,/Users/Keith/Downloads/Colours,of
0,0,0,/Users/Keith/Downloads/Colours,of
0,0,0,/Users/Keith/Downloads/Colours,of
0,0,0,/Users/Keith/Downloads/Colours,of
0,0,0,/Users/Keith/Downloads/Colours,of
0,0,0,/Users/Keith/Downloads/Colours,of
0,0,0,/Users/Keith/Downloads/Colours,of
0,0,0,/Users/Keith/Downloads/Colours,of
0,0,0,/Users/Keith/Downloads/Colours,of
0,0,0,/Users/Keith/Downloads/Colours,of
0,0,0,/Users/Keith/Downloads/Colours,of
0,0,0,/Users/Keith/Downloads/Colours,of
0,0,0,/Users/Keith/Downloads/Colours,of
0,0,0,/Users/Keith/Downloads/Colours,of
0,0,0,/Users/Keith/Downloads/Colours,of
0,0,0,/Users/Keith/Downloads/Colours,of
0,0,0,/Users/Keith/Downloads/Colours,of
0,0,0,/Users/Keith/Downloads/Colours,of
0,0,0,/Users/Keith/Downloads/Colours,of
0,0,0,/Users/Keith/Downloads/Colours,of
0,0,0,/Users/Keith/Downloads/Colours,of
0,0,0,/Users/Keith/Downloads/Colours,of
0,0,0,/Users/Keith/Downloads/Colours,of
0,0,0,/Users/Keith/Downloads/Colours,of
0,0,0,/Users/Keith/Downloads/Colours,of
0,0,0,/Users/Keith/Downloads/Colours,of
104.7649143291436,109.4809710851503,96.06875946449274,/Users/Keith/Downloads/Colours,of,Singapore,master/GooglePhotos/1.345290176,103.6806667
134.38546381969158,126.36288018979833,122.83842941874258,/Users/Keith/Downloads/Colours,of,Singapore,master/GooglePhotos/1.345290176,103.6946668
114.63995060019757,117.75873244906069,111.90771281151532,/Users/Keith/Downloads/Colours,of,Singapore,master/GooglePhotos/1.345290176,103.7086668
94.93729066666667,110.9732704,104.26033600000001,/Users/Keith/Downloads/Colours,of,Singapore,master/GooglePhotos/1.345290176,103.7226668
0,0,0,/Users/Keith/Downloads/Colours,of
0,0,0,/Users/Keith/Downloads/Colours,of
0,0,0,/Users/Keith/Downloads/Colours,of
0,0,0,/Users/Keith/Downloads/Colours,of
0,0,0,/Users/Keith/Downloads/Colours,of
0,0,0,/Users/Keith/Downloads/Colours,of
0,0,0,/Users/Keith/Downloads/Colours,of
0,0,0,/Users/Keith/Downloads/Colours,of
0,0,0,/Users/Keith/Downloads/Colours,of
0,0,0,/Users/Keith/Downloads/Colours,of
0,0,0,/Users/Keith/Downloads/Colours,of
0,0,0,/Users/Keith/Downloads/Colours,of
0,0,0,/Users/Keith/Downloads/Colours,of
0,0,0,/Users/Keith/Downloads/Colours,of
0,0,0,/Users/Keith/Downloads/Colours,of
0,0,0,/Users/Keith/Downloads/Colours,of
0,0,0,/Users/Keith/Downloads/Colours,of
0,0,0,/Users/Keith/Downloads/Colours,of
0,0,0,/Users/Keith/Downloads/Colours,of
0,0,0,/Users/Keith/Downloads/Colours,of
0,0,0,/Users/Keith/Downloads/Colours,of
0,0,0,/Users/Keith/Downloads/Colours,of
0,0,0,/Users/Keith/Downloads/Colours,of
0,0,0,/Users/Keith/Downloads/Colours,of
0,0,0,/Users/Keith/Downloads/Colours,of
0,0,0,/Users/Keith/Downloads/Colours,of
0,0,0,/Users/Keith/Downloads/Colours,of
0,0,0,/Users/Keith/Downloads/Colours,of
117.95952856924096,118.43874475961357,103.04144404486173,/Users/Keith/Downloads/Colours,of,Singapore,master/GooglePhotos/1.34933163,103.6876668
0,0,0,/Users/Keith/Downloads/Colours,of
114.74745612336892,105.68728484934758,85.11391258837486,/Users/Keith/Downloads/Colours,of,Singapore,master/GooglePhotos/1.34933163,103.7156668
0,0,0,/Users/Keith/Downloads/Colours,of
0,0,0,/Users/Keith/Downloads/Colours,of
0,0,0,/Users/Keith/Downloads/Colours,of
0,0,0,/Users/Keith/Downloads/Colours,of
0,0,0,/Users/Keith/Downloads/Colours,of
0,0,0,/Users/Keith/Downloads/Colours,of
0,0,0,/Users/Keith/Downloads/Colours,of
0,0,0,/Users/Keith/Downloads/Colours,of
0,0,0,/Users/Keith/Downloads/Colours,of
0,0,0,/Users/Keith/Downloads/Colours,of
0,0,0,/Users/Keith/Downloads/Colours,of
0,0,0,/Users/Keith/Downloads/Colours,of
0,0,0,/Users/Keith/Downloads/Colours,of
0,0,0,/Users/Keith/Downloads/Colours,of
0,0,0,/Users/Keith/Downloads/Colours,of
0,0,0,/Users/Keith/Downloads/Colours,of
0,0,0,/Users/Keith/Downloads/Colours,of
0,0,0,/Users/Keith/Downloads/Colours,of
0,0,0,/Users/Keith/Downloads/Colours,of
0,0,0,/Users/Keith/Downloads/Colours,of
0,0,0,/Users/Keith/Downloads/Colours,of
0,0,0,/Users/Keith/Downloads/Colours,of
0,0,0,/Users/Keith/Downloads/Colours,of
0,0,0,/Users/Keith/Downloads/Colours,of
117.21969946839876,121.29331395323705,112.13456734812225,/Users/Keith/Downloads/Colours,of,Singapore,master/GooglePhotos/1.3526,103.8352
0,0,0,/Users/Keith/Downloads/Colours,of
0,0,0,/Users/Keith/Downloads/Colours,of
0,0,0,/Users/Keith/Downloads/Colours,of
117.95952856924096,118.43874475961357,103.04144404486173,/Users/Keith/Downloads/Colours,of,Singapore,master/GooglePhotos/1.353373084,103.6806667
110.6197122742586,113.02662536654807,89.39669864673783,/Users/Keith/Downloads/Colours,of,Singapore,master/GooglePhotos/1.353373084,103.6946668
0,0,0,/Users/Keith/Downloads/Colours,of
0,0,0,/Users/Keith/Downloads/Colours,of
0,0,0,/Users/Keith/Downloads/Colours,of
0,0,0,/Users/Keith/Downloads/Colours,of
0,0,0,/Users/Keith/Downloads/Colours,of
0,0,0,/Users/Keith/Downloads/Colours,of
0,0,0,/Users/Keith/Downloads/Colours,of
0,0,0,/Users/Keith/Downloads/Colours,of
0,0,0,/Users/Keith/Downloads/Colours,of
0,0,0,/Users/Keith/Downloads/Colours,of
0,0,0,/Users/Keith/Downloads/Colours,of
0,0,0,/Users/Keith/Downloads/Colours,of
0,0,0,/Users/Keith/Downloads/Colours,of
0,0,0,/Users/Keith/Downloads/Colours,of
0,0,0,/Users/Keith/Downloads/Colours,of
0,0,0,/Users/Keith/Downloads/Colours,of
0,0,0,/Users/Keith/Downloads/Colours,of
0,0,0,/Users/Keith/Downloads/Colours,of
0,0,0,/Users/Keith/Downloads/Colours,of
0,0,0,/Users/Keith/Downloads/Colours,of
0,0,0,/Users/Keith/Downloads/Colours,of
0,0,0,/Users/Keith/Downloads/Colours,of
0,0,0,/Users/Keith/Downloads/Colours,of
0,0,0,/Users/Keith/Downloads/Colours,of
0,0,0,/Users/Keith/Downloads/Colours,of
0,0,0,/Users/Keith/Downloads/Colours,of
0,0,0,/Users/Keith/Downloads/Colours,of
0,0,0,/Users/Keith/Downloads/Colours,of
0,0,0,/Users/Keith/Downloads/Colours,of
0,0,0,/Users/Keith/Downloads/Colours,of
110.66860875605187,119.94904977425452,78.27626883329653,/Users/Keith/Downloads/Colours,of,Singapore,master/GooglePhotos/1.357414538,103.6876668
0,0,0,/Users/Keith/Downloads/Colours,of
114.74745612336892,105.68728484934758,85.11391258837486,/Users/Keith/Downloads/Colours,of,Singapore,master/GooglePhotos/1.357414538,103.7156668
0,0,0,/Users/Keith/Downloads/Colours,of
0,0,0,/Users/Keith/Downloads/Colours,of
0,0,0,/Users/Keith/Downloads/Colours,of
0,0,0,/Users/Keith/Downloads/Colours,of
0,0,0,/Users/Keith/Downloads/Colours,of
0,0,0,/Users/Keith/Downloads/Colours,of
0,0,0,/Users/Keith/Downloads/Colours,of
0,0,0,/Users/Keith/Downloads/Colours,of
0,0,0,/Users/Keith/Downloads/Colours,of
0,0,0,/Users/Keith/Downloads/Colours,of
0,0,0,/Users/Keith/Downloads/Colours,of
0,0,0,/Users/Keith/Downloads/Colours,of
0,0,0,/Users/Keith/Downloads/Colours,of
0,0,0,/Users/Keith/Downloads/Colours,of
0,0,0,/Users/Keith/Downloads/Colours,of
0,0,0,/Users/Keith/Downloads/Colours,of
0,0,0,/Users/Keith/Downloads/Colours,of
0,0,0,/Users/Keith/Downloads/Colours,of
0,0,0,/Users/Keith/Downloads/Colours,of
0,0,0,/Users/Keith/Downloads/Colours,of
0,0,0,/Users/Keith/Downloads/Colours,of
0,0,0,/Users/Keith/Downloads/Colours,of
0,0,0,/Users/Keith/Downloads/Colours,of
0,0,0,/Users/Keith/Downloads/Colours,of
0,0,0,/Users/Keith/Downloads/Colours,of
0,0,0,/Users/Keith/Downloads/Colours,of
0,0,0,/Users/Keith/Downloads/Colours,of
0,0,0,/Users/Keith/Downloads/Colours,of
0,0,0,/Users/Keith/Downloads/Colours,of
0,0,0,/Users/Keith/Downloads/Colours,of
0,0,0,/Users/Keith/Downloads/Colours,of
0,0,0,/Users/Keith/Downloads/Colours,of
0,0,0,/Users/Keith/Downloads/Colours,of
0,0,0,/Users/Keith/Downloads/Colours,of
0,0,0,/Users/Keith/Downloads/Colours,of
0,0,0,/Users/Keith/Downloads/Colours,of
0,0,0,/Users/Keith/Downloads/Colours,of
0,0,0,/Users/Keith/Downloads/Colours,of
0,0,0,/Users/Keith/Downloads/Colours,of
0,0,0,/Users/Keith/Downloads/Colours,of
0,0,0,/Users/Keith/Downloads/Colours,of
0,0,0,/Users/Keith/Downloads/Colours,of
0,0,0,/Users/Keith/Downloads/Colours,of
0,0,0,/Users/Keith/Downloads/Colours,of
0,0,0,/Users/Keith/Downloads/Colours,of
0,0,0,/Users/Keith/Downloads/Colours,of
0,0,0,/Users/Keith/Downloads/Colours,of
0,0,0,/Users/Keith/Downloads/Colours,of
0,0,0,/Users/Keith/Downloads/Colours,of
0,0,0,/Users/Keith/Downloads/Colours,of
0,0,0,/Users/Keith/Downloads/Colours,of
0,0,0,/Users/Keith/Downloads/Colours,of
0,0,0,/Users/Keith/Downloads/Colours,of
0,0,0,/Users/Keith/Downloads/Colours,of
0,0,0,/Users/Keith/Downloads/Colours,of
0,0,0,/Users/Keith/Downloads/Colours,of
0,0,0,/Users/Keith/Downloads/Colours,of
0,0,0,/Users/Keith/Downloads/Colours,of
0,0,0,/Users/Keith/Downloads/Colours,of
0,0,0,/Users/Keith/Downloads/Colours,of
0,0,0,/Users/Keith/Downloads/Colours,of
0,0,0,/Users/Keith/Downloads/Colours,of
0,0,0,/Users/Keith/Downloads/Colours,of
0,0,0,/Users/Keith/Downloads/Colours,of
0,0,0,/Users/Keith/Downloads/Colours,of
0,0,0,/Users/Keith/Downloads/Colours,of
0,0,0,/Users/Keith/Downloads/Colours,of
0,0,0,/Users/Keith/Downloads/Colours,of
0,0,0,/Users/Keith/Downloads/Colours,of
0,0,0,/Users/Keith/Downloads/Colours,of
0,0,0,/Users/Keith/Downloads/Colours,of
0,0,0,/Users/Keith/Downloads/Colours,of
0,0,0,/Users/Keith/Downloads/Colours,of
0,0,0,/Users/Keith/Downloads/Colours,of
0,0,0,/Users/Keith/Downloads/Colours,of
0,0,0,/Users/Keith/Downloads/Colours,of
0,0,0,/Users/Keith/Downloads/Colours,of
0,0,0,/Users/Keith/Downloads/Colours,of
0,0,0,/Users/Keith/Downloads/Colours,of
0,0,0,/Users/Keith/Downloads/Colours,of
0,0,0,/Users/Keith/Downloads/Colours,of
0,0,0,/Users/Keith/Downloads/Colours,of
0,0,0,/Users/Keith/Downloads/Colours,of
0,0,0,/Users/Keith/Downloads/Colours,of
0,0,0,/Users/Keith/Downloads/Colours,of
0,0,0,/Users/Keith/Downloads/Colours,of
0,0,0,/Users/Keith/Downloads/Colours,of
0,0,0,/Users/Keith/Downloads/Colours,of
0,0,0,/Users/Keith/Downloads/Colours,of
0,0,0,/Users/Keith/Downloads/Colours,of
0,0,0,/Users/Keith/Downloads/Colours,of
0,0,0,/Users/Keith/Downloads/Colours,of
0,0,0,/Users/Keith/Downloads/Colours,of
0,0,0,/Users/Keith/Downloads/Colours,of
0,0,0,/Users/Keith/Downloads/Colours,of
0,0,0,/Users/Keith/Downloads/Colours,of
0,0,0,/Users/Keith/Downloads/Colours,of
0,0,0,/Users/Keith/Downloads/Colours,of
0,0,0,/Users/Keith/Downloads/Colours,of
0,0,0,/Users/Keith/Downloads/Colours,of
0,0,0,/Users/Keith/Downloads/Colours,of
0,0,0,/Users/Keith/Downloads/Colours,of
0,0,0,/Users/Keith/Downloads/Colours,of
0,0,0,/Users/Keith/Downloads/Colours,of
0,0,0,/Users/Keith/Downloads/Colours,of
0,0,0,/Users/Keith/Downloads/Colours,of
0,0,0,/Users/Keith/Downloads/Colours,of
0,0,0,/Users/Keith/Downloads/Colours,of
0,0,0,/Users/Keith/Downloads/Colours,of
0,0,0,/Users/Keith/Downloads/Colours,of
0,0,0,/Users/Keith/Downloads/Colours,of
0,0,0,/Users/Keith/Downloads/Colours,of
0,0,0,/Users/Keith/Downloads/Colours,of
0,0,0,/Users/Keith/Downloads/Colours,of
0,0,0,/Users/Keith/Downloads/Colours,of
0,0,0,/Users/Keith/Downloads/Colours,of
0,0,0,/Users/Keith/Downloads/Colours,of
0,0,0,/Users/Keith/Downloads/Colours,of
0,0,0,/Users/Keith/Downloads/Colours,of
0,0,0,/Users/Keith/Downloads/Colours,of
0,0,0,/Users/Keith/Downloads/Colours,of
0,0,0,/Users/Keith/Downloads/Colours,of
0,0,0,/Users/Keith/Downloads/Colours,of
0,0,0,/Users/Keith/Downloads/Colours,of
0,0,0,/Users/Keith/Downloads/Colours,of
0,0,0,/Users/Keith/Downloads/Colours,of
0,0,0,/Users/Keith/Downloads/Colours,of
0,0,0,/Users/Keith/Downloads/Colours,of
0,0,0,/Users/Keith/Downloads/Colours,of
0,0,0,/Users/Keith/Downloads/Colours,of
0,0,0,/Users/Keith/Downloads/Colours,of
0,0,0,/Users/Keith/Downloads/Colours,of
0,0,0,/Users/Keith/Downloads/Colours,of
0,0,0,/Users/Keith/Downloads/Colours,of
0,0,0,/Users/Keith/Downloads/Colours,of
0,0,0,/Users/Keith/Downloads/Colours,of
0,0,0,/Users/Keith/Downloads/Colours,of
0,0,0,/Users/Keith/Downloads/Colours,of
0,0,0,/Users/Keith/Downloads/Colours,of
0,0,0,/Users/Keith/Downloads/Colours,of
0,0,0,/Users/Keith/Downloads/Colours,of
0,0,0,/Users/Keith/Downloads/Colours,of
0,0,0,/Users/Keith/Downloads/Colours,of
0,0,0,/Users/Keith/Downloads/Colours,of
0,0,0,/Users/Keith/Downloads/Colours,of
0,0,0,/Users/Keith/Downloads/Colours,of
0,0,0,/Users/Keith/Downloads/Colours,of
0,0,0,/Users/Keith/Downloads/Colours,of
0,0,0,/Users/Keith/Downloads/Colours,of
0,0,0,/Users/Keith/Downloads/Colours,of
123.92583524119092,124.55542598186044,115.20563559552242,/Users/Keith/Downloads/Colours,of,Singapore,master/GooglePhotos/1.377621807,103.6946668
0,0,0,/Users/Keith/Downloads/Colours,of
0,0,0,/Users/Keith/Downloads/Colours,of
0,0,0,/Users/Keith/Downloads/Colours,of
0,0,0,/Users/Keith/Downloads/Colours,of
0,0,0,/Users/Keith/Downloads/Colours,of
0,0,0,/Users/Keith/Downloads/Colours,of
0,0,0,/Users/Keith/Downloads/Colours,of
0,0,0,/Users/Keith/Downloads/Colours,of
0,0,0,/Users/Keith/Downloads/Colours,of
0,0,0,/Users/Keith/Downloads/Colours,of
0,0,0,/Users/Keith/Downloads/Colours,of
0,0,0,/Users/Keith/Downloads/Colours,of
0,0,0,/Users/Keith/Downloads/Colours,of
0,0,0,/Users/Keith/Downloads/Colours,of
0,0,0,/Users/Keith/Downloads/Colours,of
0,0,0,/Users/Keith/Downloads/Colours,of
0,0,0,/Users/Keith/Downloads/Colours,of
0,0,0,/Users/Keith/Downloads/Colours,of
0,0,0,/Users/Keith/Downloads/Colours,of
0,0,0,/Users/Keith/Downloads/Colours,of
0,0,0,/Users/Keith/Downloads/Colours,of
0,0,0,/Users/Keith/Downloads/Colours,of
0,0,0,/Users/Keith/Downloads/Colours,of
0,0,0,/Users/Keith/Downloads/Colours,of
0,0,0,/Users/Keith/Downloads/Colours,of
0,0,0,/Users/Keith/Downloads/Colours,of
0,0,0,/Users/Keith/Downloads/Colours,of
0,0,0,/Users/Keith/Downloads/Colours,of
0,0,0,/Users/Keith/Downloads/Colours,of
0,0,0,/Users/Keith/Downloads/Colours,of
0,0,0,/Users/Keith/Downloads/Colours,of
0,0,0,/Users/Keith/Downloads/Colours,of
0,0,0,/Users/Keith/Downloads/Colours,of
0,0,0,/Users/Keith/Downloads/Colours,of
0,0,0,/Users/Keith/Downloads/Colours,of
0,0,0,/Users/Keith/Downloads/Colours,of
0,0,0,/Users/Keith/Downloads/Colours,of
0,0,0,/Users/Keith/Downloads/Colours,of
0,0,0,/Users/Keith/Downloads/Colours,of
0,0,0,/Users/Keith/Downloads/Colours,of
0,0,0,/Users/Keith/Downloads/Colours,of
0,0,0,/Users/Keith/Downloads/Colours,of
0,0,0,/Users/Keith/Downloads/Colours,of
0,0,0,/Users/Keith/Downloads/Colours,of
0,0,0,/Users/Keith/Downloads/Colours,of
0,0,0,/Users/Keith/Downloads/Colours,of
0,0,0,/Users/Keith/Downloads/Colours,of
0,0,0,/Users/Keith/Downloads/Colours,of
0,0,0,/Users/Keith/Downloads/Colours,of
0,0,0,/Users/Keith/Downloads/Colours,of
0,0,0,/Users/Keith/Downloads/Colours,of
0,0,0,/Users/Keith/Downloads/Colours,of
0,0,0,/Users/Keith/Downloads/Colours,of
0,0,0,/Users/Keith/Downloads/Colours,of
0,0,0,/Users/Keith/Downloads/Colours,of
0,0,0,/Users/Keith/Downloads/Colours,of
0,0,0,/Users/Keith/Downloads/Colours,of
0,0,0,/Users/Keith/Downloads/Colours,of
141.13206626809017,142.5087163084223,130.9912504104389,/Users/Keith/Downloads/Colours,of,Singapore,master/GooglePhotos/1.385704714,103.6946668
0,0,0,/Users/Keith/Downloads/Colours,of
0,0,0,/Users/Keith/Downloads/Colours,of
0,0,0,/Users/Keith/Downloads/Colours,of
0,0,0,/Users/Keith/Downloads/Colours,of
0,0,0,/Users/Keith/Downloads/Colours,of
0,0,0,/Users/Keith/Downloads/Colours,of
0,0,0,/Users/Keith/Downloads/Colours,of
0,0,0,/Users/Keith/Downloads/Colours,of
0,0,0,/Users/Keith/Downloads/Colours,of
0,0,0,/Users/Keith/Downloads/Colours,of
0,0,0,/Users/Keith/Downloads/Colours,of
0,0,0,/Users/Keith/Downloads/Colours,of
0,0,0,/Users/Keith/Downloads/Colours,of
0,0,0,/Users/Keith/Downloads/Colours,of
0,0,0,/Users/Keith/Downloads/Colours,of
0,0,0,/Users/Keith/Downloads/Colours,of
0,0,0,/Users/Keith/Downloads/Colours,of
0,0,0,/Users/Keith/Downloads/Colours,of
0,0,0,/Users/Keith/Downloads/Colours,of
0,0,0,/Users/Keith/Downloads/Colours,of
0,0,0,/Users/Keith/Downloads/Colours,of
0,0,0,/Users/Keith/Downloads/Colours,of
0,0,0,/Users/Keith/Downloads/Colours,of
0,0,0,/Users/Keith/Downloads/Colours,of
0,0,0,/Users/Keith/Downloads/Colours,of
0,0,0,/Users/Keith/Downloads/Colours,of
0,0,0,/Users/Keith/Downloads/Colours,of
0,0,0,/Users/Keith/Downloads/Colours,of
0,0,0,/Users/Keith/Downloads/Colours,of
0,0,0,/Users/Keith/Downloads/Colours,of
0,0,0,/Users/Keith/Downloads/Colours,of
0,0,0,/Users/Keith/Downloads/Colours,of
0,0,0,/Users/Keith/Downloads/Colours,of
0,0,0,/Users/Keith/Downloads/Colours,of
0,0,0,/Users/Keith/Downloads/Colours,of
0,0,0,/Users/Keith/Downloads/Colours,of
0,0,0,/Users/Keith/Downloads/Colours,of
0,0,0,/Users/Keith/Downloads/Colours,of
0,0,0,/Users/Keith/Downloads/Colours,of
0,0,0,/Users/Keith/Downloads/Colours,of
0,0,0,/Users/Keith/Downloads/Colours,of
0,0,0,/Users/Keith/Downloads/Colours,of
0,0,0,/Users/Keith/Downloads/Colours,of
0,0,0,/Users/Keith/Downloads/Colours,of
0,0,0,/Users/Keith/Downloads/Colours,of
0,0,0,/Users/Keith/Downloads/Colours,of
0,0,0,/Users/Keith/Downloads/Colours,of
0,0,0,/Users/Keith/Downloads/Colours,of
0,0,0,/Users/Keith/Downloads/Colours,of
0,0,0,/Users/Keith/Downloads/Colours,of
0,0,0,/Users/Keith/Downloads/Colours,of
0,0,0,/Users/Keith/Downloads/Colours,of
0,0,0,/Users/Keith/Downloads/Colours,of
0,0,0,/Users/Keith/Downloads/Colours,of
0,0,0,/Users/Keith/Downloads/Colours,of
0,0,0,/Users/Keith/Downloads/Colours,of
0,0,0,/Users/Keith/Downloads/Colours,of
0,0,0,/Users/Keith/Downloads/Colours,of
0,0,0,/Users/Keith/Downloads/Colours,of
0,0,0,/Users/Keith/Downloads/Colours,of
0,0,0,/Users/Keith/Downloads/Colours,of
0,0,0,/Users/Keith/Downloads/Colours,of
0,0,0,/Users/Keith/Downloads/Colours,of
0,0,0,/Users/Keith/Downloads/Colours,of
0,0,0,/Users/Keith/Downloads/Colours,of
0,0,0,/Users/Keith/Downloads/Colours,of
0,0,0,/Users/Keith/Downloads/Colours,of
0,0,0,/Users/Keith/Downloads/Colours,of
0,0,0,/Users/Keith/Downloads/Colours,of
0,0,0,/Users/Keith/Downloads/Colours,of
0,0,0,/Users/Keith/Downloads/Colours,of
0,0,0,/Users/Keith/Downloads/Colours,of
0,0,0,/Users/Keith/Downloads/Colours,of
0,0,0,/Users/Keith/Downloads/Colours,of
0,0,0,/Users/Keith/Downloads/Colours,of
0,0,0,/Users/Keith/Downloads/Colours,of
0,0,0,/Users/Keith/Downloads/Colours,of
0,0,0,/Users/Keith/Downloads/Colours,of
0,0,0,/Users/Keith/Downloads/Colours,of
0,0,0,/Users/Keith/Downloads/Colours,of
0,0,0,/Users/Keith/Downloads/Colours,of
0,0,0,/Users/Keith/Downloads/Colours,of
0,0,0,/Users/Keith/Downloads/Colours,of
0,0,0,/Users/Keith/Downloads/Colours,of
131.48469333333333,144.40390933333333,149.47808533333333,/Users/Keith/Downloads/Colours,of,Singapore,master/GooglePhotos/1.397829075,103.6596667
0,0,0,/Users/Keith/Downloads/Colours,of
0,0,0,/Users/Keith/Downloads/Colours,of
0,0,0,/Users/Keith/Downloads/Colours,of
0,0,0,/Users/Keith/Downloads/Colours,of
0,0,0,/Users/Keith/Downloads/Colours,of
0,0,0,/Users/Keith/Downloads/Colours,of
0,0,0,/Users/Keith/Downloads/Colours,of
0,0,0,/Users/Keith/Downloads/Colours,of
0,0,0,/Users/Keith/Downloads/Colours,of
0,0,0,/Users/Keith/Downloads/Colours,of
0,0,0,/Users/Keith/Downloads/Colours,of
0,0,0,/Users/Keith/Downloads/Colours,of
0,0,0,/Users/Keith/Downloads/Colours,of
0,0,0,/Users/Keith/Downloads/Colours,of
0,0,0,/Users/Keith/Downloads/Colours,of
0,0,0,/Users/Keith/Downloads/Colours,of
0,0,0,/Users/Keith/Downloads/Colours,of
0,0,0,/Users/Keith/Downloads/Colours,of
0,0,0,/Users/Keith/Downloads/Colours,of
0,0,0,/Users/Keith/Downloads/Colours,of
0,0,0,/Users/Keith/Downloads/Colours,of
0,0,0,/Users/Keith/Downloads/Colours,of
0,0,0,/Users/Keith/Downloads/Colours,of
0,0,0,/Users/Keith/Downloads/Colours,of
0,0,0,/Users/Keith/Downloads/Colours,of
0,0,0,/Users/Keith/Downloads/Colours,of
0,0,0,/Users/Keith/Downloads/Colours,of
0,0,0,/Users/Keith/Downloads/Colours,of
0,0,0,/Users/Keith/Downloads/Colours,of
0,0,0,/Users/Keith/Downloads/Colours,of
0,0,0,/Users/Keith/Downloads/Colours,of
0,0,0,/Users/Keith/Downloads/Colours,of
0,0,0,/Users/Keith/Downloads/Colours,of
0,0,0,/Users/Keith/Downloads/Colours,of
0,0,0,/Users/Keith/Downloads/Colours,of
0,0,0,/Users/Keith/Downloads/Colours,of
0,0,0,/Users/Keith/Downloads/Colours,of
0,0,0,/Users/Keith/Downloads/Colours,of
0,0,0,/Users/Keith/Downloads/Colours,of
0,0,0,/Users/Keith/Downloads/Colours,of
0,0,0,/Users/Keith/Downloads/Colours,of
0,0,0,/Users/Keith/Downloads/Colours,of
0,0,0,/Users/Keith/Downloads/Colours,of
0,0,0,/Users/Keith/Downloads/Colours,of
0,0,0,/Users/Keith/Downloads/Colours,of
0,0,0,/Users/Keith/Downloads/Colours,of
0,0,0,/Users/Keith/Downloads/Colours,of
0,0,0,/Users/Keith/Downloads/Colours,of
0,0,0,/Users/Keith/Downloads/Colours,of
0,0,0,/Users/Keith/Downloads/Colours,of
0,0,0,/Users/Keith/Downloads/Colours,of
0,0,0,/Users/Keith/Downloads/Colours,of
0,0,0,/Users/Keith/Downloads/Colours,of
0,0,0,/Users/Keith/Downloads/Colours,of
0,0,0,/Users/Keith/Downloads/Colours,of
0,0,0,/Users/Keith/Downloads/Colours,of
0,0,0,/Users/Keith/Downloads/Colours,of
0,0,0,/Users/Keith/Downloads/Colours,of
0,0,0,/Users/Keith/Downloads/Colours,of
0,0,0,/Users/Keith/Downloads/Colours,of
0,0,0,/Users/Keith/Downloads/Colours,of
0,0,0,/Users/Keith/Downloads/Colours,of
0,0,0,/Users/Keith/Downloads/Colours,of
0,0,0,/Users/Keith/Downloads/Colours,of
0,0,0,/Users/Keith/Downloads/Colours,of
0,0,0,/Users/Keith/Downloads/Colours,of
0,0,0,/Users/Keith/Downloads/Colours,of
0,0,0,/Users/Keith/Downloads/Colours,of
0,0,0,/Users/Keith/Downloads/Colours,of
0,0,0,/Users/Keith/Downloads/Colours,of
0,0,0,/Users/Keith/Downloads/Colours,of
0,0,0,/Users/Keith/Downloads/Colours,of
0,0,0,/Users/Keith/Downloads/Colours,of
0,0,0,/Users/Keith/Downloads/Colours,of
0,0,0,/Users/Keith/Downloads/Colours,of
0,0,0,/Users/Keith/Downloads/Colours,of
0,0,0,/Users/Keith/Downloads/Colours,of
0,0,0,/Users/Keith/Downloads/Colours,of
0,0,0,/Users/Keith/Downloads/Colours,of
0,0,0,/Users/Keith/Downloads/Colours,of
0,0,0,/Users/Keith/Downloads/Colours,of
0,0,0,/Users/Keith/Downloads/Colours,of
0,0,0,/Users/Keith/Downloads/Colours,of
0,0,0,/Users/Keith/Downloads/Colours,of
0,0,0,/Users/Keith/Downloads/Colours,of
0,0,0,/Users/Keith/Downloads/Colours,of
0,0,0,/Users/Keith/Downloads/Colours,of
0,0,0,/Users/Keith/Downloads/Colours,of
0,0,0,/Users/Keith/Downloads/Colours,of
0,0,0,/Users/Keith/Downloads/Colours,of
0,0,0,/Users/Keith/Downloads/Colours,of
0,0,0,/Users/Keith/Downloads/Colours,of
0,0,0,/Users/Keith/Downloads/Colours,of
0,0,0,/Users/Keith/Downloads/Colours,of
0,0,0,/Users/Keith/Downloads/Colours,of
0,0,0,/Users/Keith/Downloads/Colours,of
0,0,0,/Users/Keith/Downloads/Colours,of
0,0,0,/Users/Keith/Downloads/Colours,of
0,0,0,/Users/Keith/Downloads/Colours,of
0,0,0,/Users/Keith/Downloads/Colours,of
0,0,0,/Users/Keith/Downloads/Colours,of
0,0,0,/Users/Keith/Downloads/Colours,of
0,0,0,/Users/Keith/Downloads/Colours,of
0,0,0,/Users/Keith/Downloads/Colours,of
0,0,0,/Users/Keith/Downloads/Colours,of
0,0,0,/Users/Keith/Downloads/Colours,of
0,0,0,/Users/Keith/Downloads/Colours,of
0,0,0,/Users/Keith/Downloads/Colours,of
0,0,0,/Users/Keith/Downloads/Colours,of
0,0,0,/Users/Keith/Downloads/Colours,of
0,0,0,/Users/Keith/Downloads/Colours,of
0,0,0,/Users/Keith/Downloads/Colours,of
0,0,0,/Users/Keith/Downloads/Colours,of
0,0,0,/Users/Keith/Downloads/Colours,of
0,0,0,/Users/Keith/Downloads/Colours,of
0,0,0,/Users/Keith/Downloads/Colours,of
0,0,0,/Users/Keith/Downloads/Colours,of
0,0,0,/Users/Keith/Downloads/Colours,of
0,0,0,/Users/Keith/Downloads/Colours,of
0,0,0,/Users/Keith/Downloads/Colours,of
122.01525813333335,127.8891872,110.28320106666668,/Users/Keith/Downloads/Colours,of,Singapore,master/GooglePhotos/1.41399489,103.7156668
0,0,0,/Users/Keith/Downloads/Colours,of
0,0,0,/Users/Keith/Downloads/Colours,of
0,0,0,/Users/Keith/Downloads/Colours,of
0,0,0,/Users/Keith/Downloads/Colours,of
0,0,0,/Users/Keith/Downloads/Colours,of
0,0,0,/Users/Keith/Downloads/Colours,of
0,0,0,/Users/Keith/Downloads/Colours,of
0,0,0,/Users/Keith/Downloads/Colours,of
0,0,0,/Users/Keith/Downloads/Colours,of
0,0,0,/Users/Keith/Downloads/Colours,of
0,0,0,/Users/Keith/Downloads/Colours,of
0,0,0,/Users/Keith/Downloads/Colours,of
0,0,0,/Users/Keith/Downloads/Colours,of
0,0,0,/Users/Keith/Downloads/Colours,of
0,0,0,/Users/Keith/Downloads/Colours,of
0,0,0,/Users/Keith/Downloads/Colours,of
0,0,0,/Users/Keith/Downloads/Colours,of
0,0,0,/Users/Keith/Downloads/Colours,of
0,0,0,/Users/Keith/Downloads/Colours,of
0,0,0,/Users/Keith/Downloads/Colours,of
0,0,0,/Users/Keith/Downloads/Colours,of
0,0,0,/Users/Keith/Downloads/Colours,of
0,0,0,/Users/Keith/Downloads/Colours,of
0,0,0,/Users/Keith/Downloads/Colours,of
0,0,0,/Users/Keith/Downloads/Colours,of
0,0,0,/Users/Keith/Downloads/Colours,of
0,0,0,/Users/Keith/Downloads/Colours,of
0,0,0,/Users/Keith/Downloads/Colours,of
0,0,0,/Users/Keith/Downloads/Colours,of
109.94670933333333,102.98410666666666,99.23493866666666,/Users/Keith/Downloads/Colours,of,Singapore,master/GooglePhotos/1.418036344,103.7226668
0,0,0,/Users/Keith/Downloads/Colours,of
0,0,0,/Users/Keith/Downloads/Colours,of
0,0,0,/Users/Keith/Downloads/Colours,of
0,0,0,/Users/Keith/Downloads/Colours,of
0,0,0,/Users/Keith/Downloads/Colours,of
0,0,0,/Users/Keith/Downloads/Colours,of
0,0,0,/Users/Keith/Downloads/Colours,of
0,0,0,/Users/Keith/Downloads/Colours,of
0,0,0,/Users/Keith/Downloads/Colours,of
0,0,0,/Users/Keith/Downloads/Colours,of
0,0,0,/Users/Keith/Downloads/Colours,of
0,0,0,/Users/Keith/Downloads/Colours,of
0,0,0,/Users/Keith/Downloads/Colours,of
0,0,0,/Users/Keith/Downloads/Colours,of
0,0,0,/Users/Keith/Downloads/Colours,of
0,0,0,/Users/Keith/Downloads/Colours,of
0,0,0,/Users/Keith/Downloads/Colours,of
0,0,0,/Users/Keith/Downloads/Colours,of
0,0,0,/Users/Keith/Downloads/Colours,of
0,0,0,/Users/Keith/Downloads/Colours,of
0,0,0,/Users/Keith/Downloads/Colours,of
0,0,0,/Users/Keith/Downloads/Colours,of
0,0,0,/Users/Keith/Downloads/Colours,of
0,0,0,/Users/Keith/Downloads/Colours,of
0,0,0,/Users/Keith/Downloads/Colours,of
0,0,0,/Users/Keith/Downloads/Colours,of
0,0,0,/Users/Keith/Downloads/Colours,of
0,0,0,/Users/Keith/Downloads/Colours,of
0,0,0,/Users/Keith/Downloads/Colours,of
0,0,0,/Users/Keith/Downloads/Colours,of
0,0,0,/Users/Keith/Downloads/Colours,of
0,0,0,/Users/Keith/Downloads/Colours,of
0,0,0,/Users/Keith/Downloads/Colours,of
0,0,0,/Users/Keith/Downloads/Colours,of
0,0,0,/Users/Keith/Downloads/Colours,of
0,0,0,/Users/Keith/Downloads/Colours,of
0,0,0,/Users/Keith/Downloads/Colours,of
0,0,0,/Users/Keith/Downloads/Colours,of
0,0,0,/Users/Keith/Downloads/Colours,of
0,0,0,/Users/Keith/Downloads/Colours,of
0,0,0,/Users/Keith/Downloads/Colours,of
0,0,0,/Users/Keith/Downloads/Colours,of
0,0,0,/Users/Keith/Downloads/Colours,of
0,0,0,/Users/Keith/Downloads/Colours,of
0,0,0,/Users/Keith/Downloads/Colours,of
0,0,0,/Users/Keith/Downloads/Colours,of
0,0,0,/Users/Keith/Downloads/Colours,of
0,0,0,/Users/Keith/Downloads/Colours,of
0,0,0,/Users/Keith/Downloads/Colours,of
0,0,0,/Users/Keith/Downloads/Colours,of
0,0,0,/Users/Keith/Downloads/Colours,of
0,0,0,/Users/Keith/Downloads/Colours,of
0,0,0,/Users/Keith/Downloads/Colours,of
0,0,0,/Users/Keith/Downloads/Colours,of
0,0,0,/Users/Keith/Downloads/Colours,of
0,0,0,/Users/Keith/Downloads/Colours,of
0,0,0,/Users/Keith/Downloads/Colours,of
114.62853607022541,115.32052139691578,108.44637881091339,/Users/Keith/Downloads/Colours,of,Singapore,master/GooglePhotos/1.426119252,103.7226668
0,0,0,/Users/Keith/Downloads/Colours,of
0,0,0,/Users/Keith/Downloads/Colours,of
0,0,0,/Users/Keith/Downloads/Colours,of
0,0,0,/Users/Keith/Downloads/Colours,of
0,0,0,/Users/Keith/Downloads/Colours,of
0,0,0,/Users/Keith/Downloads/Colours,of
0,0,0,/Users/Keith/Downloads/Colours,of
0,0,0,/Users/Keith/Downloads/Colours,of
0,0,0,/Users/Keith/Downloads/Colours,of
0,0,0,/Users/Keith/Downloads/Colours,of
0,0,0,/Users/Keith/Downloads/Colours,of
0,0,0,/Users/Keith/Downloads/Colours,of
0,0,0,/Users/Keith/Downloads/Colours,of
0,0,0,/Users/Keith/Downloads/Colours,of
0,0,0,/Users/Keith/Downloads/Colours,of
0,0,0,/Users/Keith/Downloads/Colours,of
0,0,0,/Users/Keith/Downloads/Colours,of
0,0,0,/Users/Keith/Downloads/Colours,of
0,0,0,/Users/Keith/Downloads/Colours,of
0,0,0,/Users/Keith/Downloads/Colours,of
0,0,0,/Users/Keith/Downloads/Colours,of
0,0,0,/Users/Keith/Downloads/Colours,of
114.62853607022541,115.32052139691578,108.44637881091339,/Users/Keith/Downloads/Colours,of,Singapore,master/GooglePhotos/1.430160706,103.7156668
0,0,0,/Users/Keith/Downloads/Colours,of
0,0,0,/Users/Keith/Downloads/Colours,of
0,0,0,/Users/Keith/Downloads/Colours,of
0,0,0,/Users/Keith/Downloads/Colours,of
0,0,0,/Users/Keith/Downloads/Colours,of
0,0,0,/Users/Keith/Downloads/Colours,of
0,0,0,/Users/Keith/Downloads/Colours,of
0,0,0,/Users/Keith/Downloads/Colours,of
0,0,0,/Users/Keith/Downloads/Colours,of
0,0,0,/Users/Keith/Downloads/Colours,of
0,0,0,/Users/Keith/Downloads/Colours,of
0,0,0,/Users/Keith/Downloads/Colours,of
0,0,0,/Users/Keith/Downloads/Colours,of
0,0,0,/Users/Keith/Downloads/Colours,of
0,0,0,/Users/Keith/Downloads/Colours,of
0,0,0,/Users/Keith/Downloads/Colours,of
0,0,0,/Users/Keith/Downloads/Colours,of
0,0,0,/Users/Keith/Downloads/Colours,of
0,0,0,/Users/Keith/Downloads/Colours,of
0,0,0,/Users/Keith/Downloads/Colours,of
0,0,0,/Users/Keith/Downloads/Colours,of
114.62853607022541,115.32052139691578,108.44637881091339,/Users/Keith/Downloads/Colours,of,Singapore,master/GooglePhotos/1.434202159,103.7226668
0,0,0,/Users/Keith/Downloads/Colours,of
0,0,0,/Users/Keith/Downloads/Colours,of
0,0,0,/Users/Keith/Downloads/Colours,of
0,0,0,/Users/Keith/Downloads/Colours,of
0,0,0,/Users/Keith/Downloads/Colours,of
0,0,0,/Users/Keith/Downloads/Colours,of
0,0,0,/Users/Keith/Downloads/Colours,of
0,0,0,/Users/Keith/Downloads/Colours,of
0,0,0,/Users/Keith/Downloads/Colours,of
0,0,0,/Users/Keith/Downloads/Colours,of
0,0,0,/Users/Keith/Downloads/Colours,of
0,0,0,/Users/Keith/Downloads/Colours,of
0,0,0,/Users/Keith/Downloads/Colours,of
0,0,0,/Users/Keith/Downloads/Colours,of
0,0,0,/Users/Keith/Downloads/Colours,of
0,0,0,/Users/Keith/Downloads/Colours,of
100.39169473748838,103.06569707680636,91.9965471297276,/Users/Keith/Downloads/Colours,of,Singapore,master/GooglePhotos/1.438243613,103.7016668
0,0,0,/Users/Keith/Downloads/Colours,of
0,0,0,/Users/Keith/Downloads/Colours,of
0,0,0,/Users/Keith/Downloads/Colours,of
0,0,0,/Users/Keith/Downloads/Colours,of
0,0,0,/Users/Keith/Downloads/Colours,of
0,0,0,/Users/Keith/Downloads/Colours,of
0,0,0,/Users/Keith/Downloads/Colours,of
0,0,0,/Users/Keith/Downloads/Colours,of
0,0,0,/Users/Keith/Downloads/Colours,of
0,0,0,/Users/Keith/Downloads/Colours,of
0,0,0,/Users/Keith/Downloads/Colours,of
0,0,0,/Users/Keith/Downloads/Colours,of
0,0,0,/Users/Keith/Downloads/Colours,of
0,0,0,/Users/Keith/Downloads/Colours,of
0,0,0,/Users/Keith/Downloads/Colours,of
0,0,0,/Users/Keith/Downloads/Colours,of
0,0,0,/Users/Keith/Downloads/Colours,of
0,0,0,/Users/Keith/Downloads/Colours,of
0,0,0,/Users/Keith/Downloads/Colours,of
0,0,0,/Users/Keith/Downloads/Colours,of
0,0,0,/Users/Keith/Downloads/Colours,of
0,0,0,/Users/Keith/Downloads/Colours,of
0,0,0,/Users/Keith/Downloads/Colours,of
0,0,0,/Users/Keith/Downloads/Colours,of
0,0,0,/Users/Keith/Downloads/Colours,of
0,0,0,/Users/Keith/Downloads/Colours,of
0,0,0,/Users/Keith/Downloads/Colours,of
0,0,0,/Users/Keith/Downloads/Colours,of
0,0,0,/Users/Keith/Downloads/Colours,of
0,0,0,/Users/Keith/Downloads/Colours,of
0,0,0,/Users/Keith/Downloads/Colours,of
0,0,0,/Users/Keith/Downloads/Colours,of
0,0,0,/Users/Keith/Downloads/Colours,of
0,0,0,/Users/Keith/Downloads/Colours,of
0,0,0,/Users/Keith/Downloads/Colours,of
0,0,0,/Users/Keith/Downloads/Colours,of
0,0,0,/Users/Keith/Downloads/Colours,of
0,0,0,/Users/Keith/Downloads/Colours,of
0,0,0,/Users/Keith/Downloads/Colours,of
0,0,0,/Users/Keith/Downloads/Colours,of
0,0,0,/Users/Keith/Downloads/Colours,of
0,0,0,/Users/Keith/Downloads/Colours,of
0,0,0,/Users/Keith/Downloads/Colours,of
0,0,0,/Users/Keith/Downloads/Colours,of
0,0,0,/Users/Keith/Downloads/Colours,of
0,0,0,/Users/Keith/Downloads/Colours,of
0,0,0,/Users/Keith/Downloads/Colours,of
0,0,0,/Users/Keith/Downloads/Colours,of
0,0,0,/Users/Keith/Downloads/Colours,of
0,0,0,/Users/Keith/Downloads/Colours,of
0,0,0,/Users/Keith/Downloads/Colours,of
0,0,0,/Users/Keith/Downloads/Colours,of
0,0,0,/Users/Keith/Downloads/Colours,of
0,0,0,/Users/Keith/Downloads/Colours,of
0,0,0,/Users/Keith/Downloads/Colours,of
0,0,0,/Users/Keith/Downloads/Colours,of
0,0,0,/Users/Keith/Downloads/Colours,of
0,0,0,/Users/Keith/Downloads/Colours,of
0,0,0,/Users/Keith/Downloads/Colours,of
0,0,0,/Users/Keith/Downloads/Colours,of
0,0,0,/Users/Keith/Downloads/Colours,of
0,0,0,/Users/Keith/Downloads/Colours,of
0,0,0,/Users/Keith/Downloads/Colours,of
0,0,0,/Users/Keith/Downloads/Colours,of
0,0,0,/Users/Keith/Downloads/Colours,of
0,0,0,/Users/Keith/Downloads/Colours,of
0,0,0,/Users/Keith/Downloads/Colours,of
0,0,0,/Users/Keith/Downloads/Colours,of
0,0,0,/Users/Keith/Downloads/Colours,of
0,0,0,/Users/Keith/Downloads/Colours,of
0,0,0,/Users/Keith/Downloads/Colours,of
0,0,0,/Users/Keith/Downloads/Colours,of
0,0,0,/Users/Keith/Downloads/Colours,of
0,0,0,/Users/Keith/Downloads/Colours,of
0,0,0,/Users/Keith/Downloads/Colours,of
0,0,0,/Users/Keith/Downloads/Colours,of
0,0,0,/Users/Keith/Downloads/Colours,of
0,0,0,/Users/Keith/Downloads/Colours,of
0,0,0,/Users/Keith/Downloads/Colours,of
